menu_item_id,menu_item,base_price,half_price,free_price,menu_type_ref,service_type_ref,isOption,menu_item_unique_item_id,tax_ref
1,"Fresh Orange Juice(12 oz)-Base",5,2.5,0,1,4,0,1,2
2,"Fresh Orange Juice(12 oz)-Strained",5,2.5,0,1,4,1,1,2
3,"Fountain Drink(16 oz)-Base",3,1.5,0,4,4,0,2,2
4,"Single Burger-Base",5,2.5,0,4,2,0,3,2
5,"Single Burger-with Cheese",5.5,2.75,0,4,2,1,3,2
6,Fries-Regular,3,1.5,0,4,3,0,4,2
7,"Fries-Extra Salt",3,1.5,0,4,3,1,4,2
8,"Benmaster Brewed Beer-16 oz",6,3,0,3,1,0,5,1
9,"Strawberry Lemonade(16 oz)",4,2,0,2,4,0,6,2
10,Hashbrowns,2.5,1.25,0,1,3,0,7,2
11,"Single Burger-No Bun",5,2.5,0,4,2,1,3,2
12,"Chicken and Waffle Sandwitch-Classic",6,3,0,1,2,0,8,2
13,"Chicken and Waffle Sandwitch-With Syrup",6.5,3.25,0,1,2,1,8,2
